Id,Prediction
1,6
2,13
3,14
4,7
5,7
6,11
7,9
8,7
9,10
10,3
11,10
12,3
13,9
14,14
15,9
16,12
17,7
18,3
19,3
20,1
21,9
22,14
23,12
24,3
25,3
26,12
27,12
28,3
29,3
30,6
31,9
32,9
33,3
34,3
35,12
36,8
37,9
38,12
39,4
40,1
41,9
42,5
43,12
44,3
45,1
46,3
47,5
48,14
49,7
50,14
51,14
52,10
53,3
54,6
55,5
56,3
57,3
58,5
59,14
60,5
61,3
62,6
63,3
64,11
65,5
66,3
67,4
68,5
69,9
70,2
71,11
72,9
73,9
74,5
75,5
76,3
77,6
78,10
79,14
80,9
81,13
82,13
83,12
84,13
85,4
86,3
87,13
88,14
89,9
90,7
91,7
92,14
93,11
94,9
95,3
96,5
97,4
98,14
99,10
100,2
101,7
102,1
103,13
104,14
105,9
106,3
107,12
108,3
109,14
110,14
111,3
112,5
113,3
114,9
115,3
116,4
117,14
118,3
119,3
120,12
121,5
122,8
123,12
124,14
125,13
126,12
127,3
128,7
129,3
130,3
131,12
132,12
133,3
134,12
135,14
136,12
137,9
138,5
139,5
140,3
141,9
142,12
143,3
144,13
145,3
146,10
147,9
148,14
149,2
150,4
151,7
152,9
153,3
154,9
155,3
156,14
157,10
158,11
159,7
160,13
161,5
162,11
163,9
164,7
165,3
166,3
167,3
168,12
169,5
170,5
171,5
172,12
173,1
174,14
175,11
176,4
177,8
178,9
179,3
180,3
181,12
182,12
183,13
184,7
185,3
186,14
187,3
188,5
189,6
190,5
191,14
192,1
193,3
194,13
195,12
196,5
197,5
198,3
199,5
200,13
201,3
202,5
203,5
204,13
205,3
206,11
207,13
208,10
209,3
210,13
211,4
212,14
213,13
214,12
215,12
216,4
217,5
218,6
219,5
220,9
221,5
222,8
223,13
224,9
225,9
226,13
227,5
228,14
229,9
230,9
231,3
232,3
233,5
234,12
235,5
236,12
237,4
238,3
239,5
240,13
241,9
242,9
243,4
244,5
245,14
246,12
247,9
248,4
249,4
250,1
251,3
252,10
253,5
254,13
255,9
256,11
257,14
258,14
259,14
260,12
261,14
262,7
263,14
264,12
265,6
266,7
267,1
268,10
269,10
270,13
271,9
272,4
273,5
274,12
275,6
276,3
277,10
278,5
279,9
280,5
281,7
282,12
283,14
284,14
285,13
286,5
287,3
288,5
289,3
290,13
291,3
292,7
293,5
294,12
295,3
296,12
297,10
298,9
299,3
300,5
301,5
302,14
303,10
304,6
305,1
306,8
307,13
308,1
309,10
310,12
311,3
312,10
313,7
314,9
315,11
316,10
317,10
318,14
319,14
320,9
321,5
322,12
323,9
324,5
325,4
326,12
327,3
328,3
329,3
330,5
331,13
332,9
333,10
334,5
335,12
336,9
337,12
338,5
339,5
340,12
341,14
342,5
343,11
344,14
345,14
346,13
347,8
348,3
349,9
350,1
351,7
352,12
353,13
354,13
355,3
356,13
357,14
358,11
359,5
360,8
361,3
362,9
363,5
364,13
365,14
366,1
367,10
368,3
369,5
370,14
371,14
372,5
373,12
374,14
375,3
376,7
377,5
378,6
379,3
380,12
381,8
382,3
383,9
384,14
385,9
386,3
387,3
388,5
389,13
390,12
391,5
392,3
393,7
394,12
395,5
396,5
397,14
398,13
399,5
400,12
401,12
402,1
403,10
404,9
405,14
406,3
407,13
408,10
409,5
410,12
411,9
412,4
413,4
414,11
415,11
416,10
417,14
418,10
419,12
420,14
421,3
422,1
423,12
424,5
425,13
426,12
427,10
428,12
429,3
430,5
431,5
432,12
433,7
434,3
435,3
436,3
437,5
438,3
439,11
440,12
441,3
442,11
443,6
444,7
445,9
446,12
447,10
448,11
449,4
450,6
451,3
452,10
453,5
454,13
455,3
456,7
457,12
458,9
459,3
460,11
461,12
462,3
463,3
464,4
465,5
466,5
467,8
468,7
469,14
470,14
471,8
472,11
473,3
474,4
475,8
476,7
477,5
478,13
479,14
480,9
481,13
482,14
483,10
484,12
485,9
486,5
487,5
488,9
489,5
490,12
491,6
492,14
493,11
494,9
495,10
496,6
497,14
498,12
499,11
500,12
501,12
502,9
503,7
504,9
505,3
506,12
507,4
508,3
509,5
510,4
511,14
512,10
513,7
514,3
515,9
516,14
517,5
518,5
519,5
520,5
521,9
522,3
523,3
524,9
525,10
526,10
527,10
528,12
529,4
530,1
531,5
532,5
533,13
534,5
535,10
536,13
537,5
538,11
539,12
540,12
541,3
542,3
543,5
544,1
545,6
546,9
547,11
548,10
549,9
550,3
551,9
552,12
553,3
554,7
555,12
556,7
557,3
558,7
559,4
560,5
561,4
562,7
563,3
564,13
565,14
566,1
567,1
568,12
569,9
570,14
571,14
572,11
573,12
574,7
575,13
576,10
577,3
578,13
579,5
580,9
581,13
582,3
583,3
584,3
585,9
586,12
587,12
588,3
589,14
590,7
591,3
592,3
593,4
594,12
595,6
596,12
597,1
598,5
599,10
600,14
601,3
602,11
603,13
604,9
605,13
606,3
607,1
608,3
609,5
610,10
611,8
612,11
613,4
614,12
615,14
616,13
617,5
618,12
619,5
620,3
621,5
622,11
623,9
624,4
625,13
626,5
627,9
628,10
629,3
630,9
631,12
632,9
633,4
634,10
635,13
636,13
637,12
638,4
639,5
640,10
641,5
642,11
643,9
644,7
645,5
646,7
647,5
648,3
649,2
650,14
651,3
652,13
653,12
654,10
655,9
656,5
657,5
658,3
659,9
660,9
661,7
662,6
663,6
664,13
665,13
666,13
667,9
668,10
669,4
670,12
671,5
672,12
673,12
674,5
675,10
676,9
677,5
678,4
679,9
680,3
681,3
682,12
683,12
684,5
685,2
686,8
687,3
688,9
689,7
690,14
691,12
692,5
693,9
694,5
695,10
696,5
697,11
698,9
699,5
700,6
701,14
702,13
703,3
704,14
705,9
706,9
707,11
708,9
709,3
710,5
711,11
712,4
713,13
714,9
715,5
716,5
717,7
718,13
719,10
720,14
721,3
722,12
723,3
724,8
725,13
726,7
727,3
728,7
729,3
730,3
731,5
732,4
733,14
734,3
735,12
736,10
737,3
738,3
739,3
740,12
741,8
742,3
743,10
744,2
745,13
746,12
747,3
748,12
749,13
750,3
751,12
752,5
753,10
754,12
755,3
756,3
757,14
758,5
759,4
760,11
761,13
762,3
763,8
764,4
765,5
766,13
767,11
768,3
769,3
770,3
771,9
772,12
773,14
774,3
775,3
776,10
777,4
778,9
779,5
780,5
781,14
782,12
783,9
784,7
785,6
786,12
787,3
788,6
789,12
790,3
791,10
792,12
793,12
794,14
795,9
796,5
797,3
798,9
799,12
800,11
801,10
802,13
803,14
804,3
805,3
806,10
807,4
808,10
809,5
810,12
811,5
812,8
813,9
814,3
815,14
816,3
817,12
818,5
819,12
820,9
821,11
822,9
823,9
824,9
825,9
826,7
827,9
828,14
829,12
830,7
831,5
832,11
833,13
834,13
835,3
836,12
837,10
838,9
839,10
840,3
841,5
842,3
843,10
844,3
845,11
846,10
847,7
848,3
849,9
850,5
851,10
852,4
853,14
854,5
855,14
856,13
857,7
858,6
859,9
860,13
861,9
862,7
863,8
864,5
865,9
866,11
867,9
868,9
869,12
870,11
871,9
872,8
873,14
874,3
875,10
876,3
877,12
878,10
879,3
880,12
881,14
882,3
883,1
884,3
885,5
886,12
887,13
888,5
889,11
890,14
891,13
892,14
893,12
894,9
895,14
896,3
897,14
898,3
899,11
900,3
901,5
902,1
903,11
904,10
905,12
906,5
907,7
908,3
909,3
910,9
911,3
912,11
913,10
914,4
915,3
916,12
917,14
918,5
919,14
920,3
921,4
922,10
923,3
924,5
925,14
926,3
927,3
928,3
929,12
930,11
931,5
932,5
933,5
934,1
935,1
936,3
937,3
938,3
939,3
940,5
941,14
942,3
943,1
944,5
945,5
946,14
947,11
948,3
949,14
950,12
951,14
952,11
953,14
954,10
955,11
956,4
957,13
958,11
959,1
960,12
961,11
962,14
963,13
964,14
965,4
966,4
967,8
968,12
969,4
970,12
971,11
972,12
973,8
974,5
975,5
976,12
977,9
978,12
979,8
980,10
981,7
982,10
983,7
984,11
985,3
986,4
987,13
988,12
989,13
990,5
991,12
992,3
993,9
994,1
995,5
996,3
997,10
998,10
999,6
1000,3
1001,5
1002,12
1003,10
1004,3
1005,13
1006,9
1007,5
1008,3
1009,12
1010,9
1011,5
1012,9
1013,13
1014,13
1015,9
1016,5
1017,8
1018,9
1019,10
1020,11
1021,9
1022,13
1023,5
1024,13
1025,9
1026,9
1027,9
1028,9
1029,14
1030,7
1031,12
1032,9
1033,12
1034,3
1035,1
1036,5
1037,10
1038,12
1039,12
1040,5
1041,12
1042,5
1043,12
1044,3
1045,6
1046,5
1047,5
1048,2
1049,3
1050,12
1051,6
1052,10
1053,9
1054,13
1055,5
1056,12
1057,14
1058,9
1059,14
1060,14
1061,9
1062,1
1063,5
1064,14
1065,3
1066,5
1067,12
1068,14
1069,12
1070,13
1071,14
1072,9
1073,3
1074,3
1075,14
1076,8
1077,12
1078,3
1079,3
1080,13
1081,5
1082,14
1083,1
1084,12
1085,5
1086,12
1087,1
1088,3
1089,1
1090,12
1091,5
1092,13
1093,10
1094,13
1095,7
1096,3
1097,14
1098,10
1099,3
1100,1
1101,5
1102,12
1103,5
1104,9
1105,12
1106,3
1107,12
1108,10
1109,3
1110,9
1111,12
1112,11
1113,8
1114,9
1115,14
1116,5
1117,9
1118,12
1119,11
1120,10
1121,7
1122,10
1123,12
1124,8
1125,3
1126,10
1127,13
1128,9
1129,11
1130,5
1131,14
1132,4
1133,6
1134,14
1135,4
1136,3
1137,3
1138,9
1139,9
1140,3
1141,2
1142,9
1143,10
1144,5
1145,13
1146,8
1147,6
1148,5
1149,12
1150,3
1151,3
1152,12
1153,4
1154,3
1155,5
1156,11
1157,14
1158,3
1159,9
1160,12
1161,13
1162,3
1163,12
1164,3
1165,12
1166,7
1167,3
1168,14
1169,11
1170,5
1171,14
1172,12
1173,3
1174,4
1175,9
1176,7
1177,4
1178,3
1179,10
1180,12
1181,5
1182,12
1183,9
1184,3
1185,14
1186,5
1187,5
1188,6
1189,1
1190,12
1191,6
1192,9
1193,3
1194,4
1195,1
1196,12
1197,12
1198,5
1199,13
1200,10
1201,9
1202,12
1203,10
1204,3
1205,5
1206,6
1207,3
1208,5
1209,10
1210,3
1211,5
1212,9
1213,11
1214,5
1215,3
1216,1
1217,3
1218,9
1219,3
1220,13
1221,3
1222,9
1223,6
1224,9
1225,12
1226,12
1227,4
1228,13
1229,14
1230,12
1231,12
1232,7
1233,13
1234,3
1235,9
1236,9
1237,11
1238,11
1239,10
1240,6
1241,11
1242,14
1243,3
1244,5
1245,3
1246,13
1247,9
1248,3
1249,13
1250,12
1251,12
1252,3
1253,12
1254,1
1255,9
1256,8
1257,13
1258,14
1259,14
1260,5
1261,1
1262,10
1263,5
1264,1
1265,5
1266,13
1267,5
1268,3
1269,12
1270,3
1271,10
1272,9
1273,3
1274,10
1275,13
1276,9
1277,3
1278,4
1279,9
1280,9
1281,8
1282,13
1283,13
1284,3
1285,13
1286,9
1287,11
1288,13
1289,5
1290,13
1291,14
1292,8
1293,14
1294,3
1295,12
1296,14
1297,12
1298,14
1299,9
1300,12
1301,3
1302,11
1303,13
1304,3
1305,9
1306,14
1307,12
1308,3
1309,4
1310,5
1311,3
1312,12
1313,7
1314,9
1315,14
1316,13
1317,14
1318,12
1319,14
1320,9
1321,9
1322,4
1323,12
1324,5
1325,10
1326,6
1327,10
1328,5
1329,7
1330,11
1331,1
1332,14
1333,4
1334,12
1335,12
1336,12
1337,13
1338,5
1339,9
1340,12
1341,10
1342,8
1343,3
1344,12
1345,12
1346,3
1347,13
1348,5
1349,3
1350,3
1351,7
1352,5
1353,3
1354,5
1355,12
1356,14
1357,7
1358,5
1359,9
1360,3
1361,4
1362,3
1363,13
1364,11
1365,9
1366,3
1367,1
1368,10
1369,13
1370,14
1371,3
1372,5
1373,14
1374,3
1375,14
1376,12
1377,12
1378,3
1379,3
1380,14
1381,9
1382,3
1383,1
1384,12
1385,8
1386,3
1387,6
1388,5
1389,12
1390,13
1391,11
1392,5
1393,12
1394,14
1395,13
1396,5
1397,5
1398,10
1399,12
1400,6
1401,13
1402,9
1403,12
1404,3
1405,14
1406,8
1407,5
1408,5
1409,3
1410,12
1411,7
1412,14
1413,14
1414,13
1415,14
1416,9
1417,13
1418,12
1419,13
1420,9
1421,3
1422,12
1423,3
1424,3
1425,7
1426,5
1427,5
1428,12
1429,3
1430,7
1431,12
1432,9
1433,4
1434,9
1435,9
1436,3
1437,10
1438,4
1439,5
1440,5
1441,10
1442,5
1443,13
1444,3
1445,5
1446,11
1447,5
1448,12
1449,5
1450,7
1451,6
1452,4
1453,5
1454,3
1455,5
1456,5
1457,3
1458,14
1459,5
1460,12
1461,4
1462,5
1463,12
1464,12
1465,14
1466,7
1467,13
1468,3
1469,11
1470,7
1471,3
1472,11
1473,14
1474,5
1475,10
1476,13
1477,10
1478,6
1479,5
1480,5
1481,8
1482,3
1483,10
1484,9
1485,10
1486,3
1487,14
1488,12
1489,4
1490,3
1491,3
1492,14
1493,13
1494,3
1495,3
1496,5
1497,12
1498,13
1499,8
1500,14
1501,10
1502,8
1503,12
1504,3
1505,5
1506,9
1507,3
1508,11
1509,11
1510,14
1511,12
1512,14
1513,14
1514,12
1515,12
1516,5
1517,14
1518,9
1519,3
1520,9
1521,3
1522,14
1523,13
1524,13
1525,10
1526,12
1527,3
1528,1
1529,1
1530,12
1531,11
1532,3
1533,5
1534,12
1535,1
1536,14
1537,3
1538,7
1539,10
1540,7
1541,3
1542,4
1543,10
1544,12
1545,5
1546,9
1547,10
1548,3
1549,13
1550,12
1551,14
1552,3
1553,9
1554,13
1555,14
1556,10
1557,10
1558,12
1559,9
1560,1
1561,7
1562,9
1563,8
1564,10
1565,14
1566,8
1567,10
1568,14
1569,9
1570,12
1571,9
1572,14
1573,12
1574,11
1575,9
1576,12
1577,3
1578,13
1579,5
1580,7
1581,5
1582,3
1583,10
1584,6
1585,14
1586,4
1587,14
1588,13
1589,5
1590,4
1591,6
1592,5
1593,13
1594,12
1595,12
1596,10
1597,14
1598,5
1599,14
1600,3
1601,9
1602,5
1603,10
1604,3
1605,5
1606,11
1607,5
1608,5
1609,5
1610,5
1611,12
1612,11
1613,12
1614,12
1615,3
1616,13
1617,10
1618,14
1619,8
1620,5
1621,12
1622,14
1623,9
1624,11
1625,3
1626,8
1627,3
1628,3
1629,9
1630,3
1631,9
1632,4
1633,7
1634,13
1635,3
1636,9
1637,7
1638,3
1639,11
1640,9
1641,1
1642,14
1643,5
1644,1
1645,11
1646,14
1647,7
1648,9
1649,5
1650,12
1651,12
1652,5
1653,3
1654,7
1655,14
1656,4
1657,12
1658,1
1659,12
1660,13
1661,10
1662,1
1663,7
1664,12
1665,4
1666,3
1667,9
1668,5
1669,9
1670,11
1671,10
1672,3
1673,3
1674,10
1675,12
1676,8
1677,5
1678,10
1679,12
1680,11
1681,9
1682,3
1683,13
1684,4
1685,9
1686,7
1687,7
1688,13
1689,5
1690,12
1691,11
1692,3
1693,12
1694,10
1695,13
1696,12
1697,9
1698,5
1699,11
1700,3
1701,5
1702,6
1703,10
1704,12
1705,10
1706,9
1707,14
1708,7
1709,3
1710,12
1711,11
1712,3
1713,5
1714,5
1715,5
1716,10
1717,13
1718,5
1719,5
1720,10
1721,7
1722,3
1723,12
1724,9
1725,5
1726,4
1727,7
1728,9
1729,10
1730,14
1731,4
1732,5
1733,13
1734,5
1735,4
1736,9
1737,1
1738,12
1739,12
1740,14
1741,13
1742,4
1743,12
1744,10
1745,9
1746,3
1747,14
1748,7
1749,12
1750,9
1751,9
1752,12
1753,13
1754,11
1755,9
1756,4
1757,11
1758,9
1759,12
1760,13
1761,12
1762,7
1763,1
1764,9
1765,5
1766,5
1767,11
1768,14
1769,4
1770,3
1771,1
1772,6
1773,5
1774,13
1775,14
1776,14
1777,14
1778,13
1779,4
1780,14
1781,9
1782,13
1783,13
1784,5
1785,14
1786,6
1787,9
1788,13
1789,3
1790,3
1791,3
1792,3
1793,6
1794,7
1795,12
1796,10
1797,8
1798,14
1799,2
1800,13
1801,4
1802,5
1803,6
1804,8
1805,11
1806,12
1807,13
1808,5
1809,12
1810,1
1811,3
1812,10
1813,9
1814,5
1815,12
1816,13
1817,3
1818,5
1819,13
1820,3
1821,7
1822,7
1823,7
1824,8
1825,13
1826,4
1827,14
1828,5
1829,8
1830,6
1831,10
1832,8
1833,12
1834,12
1835,3
1836,11
1837,12
1838,5
1839,12
1840,12
1841,3
1842,5
1843,7
1844,14
1845,3
1846,8
1847,7
1848,3
1849,3
1850,3
1851,11
1852,9
1853,13
1854,4
1855,10
1856,7
1857,3
1858,9
1859,13
1860,3
1861,1
1862,9
1863,5
1864,14
1865,12
1866,5
1867,12
1868,5
1869,12
1870,12
1871,12
1872,9
1873,5
1874,3
1875,5
1876,9
1877,4
1878,9
1879,5
1880,3
1881,9
1882,7
1883,12
1884,11
1885,9
1886,4
1887,5
1888,13
1889,10
1890,5
1891,11
1892,4
1893,10
1894,5
1895,9
1896,3
1897,3
1898,12
1899,6
1900,5
1901,5
1902,12
1903,3
1904,5
1905,14
1906,12
1907,1
1908,12
1909,5
1910,3
1911,11
1912,9
1913,7
1914,14
1915,1
1916,5
1917,7
1918,14
1919,6
1920,12
1921,9
1922,12
1923,12
1924,3
1925,5
1926,3
1927,14
1928,10
1929,9
1930,1
1931,5
1932,6
1933,14
1934,6
1935,5
1936,3
1937,5
1938,9
1939,9
1940,14
1941,5
1942,9
1943,7
1944,14
1945,10
1946,12
1947,9
1948,10
1949,14
1950,11
1951,9
1952,12
1953,11
1954,5
1955,3
1956,5
1957,3
1958,4
1959,7
1960,14
1961,1
1962,12
1963,13
1964,11
1965,3
1966,3
1967,12
1968,5
1969,3
1970,5
1971,13
1972,12
1973,10
1974,8
1975,4
1976,3
1977,12
1978,6
1979,13
1980,3
1981,5
1982,14
1983,3
1984,9
1985,11
1986,13
1987,5
1988,10
1989,12
1990,14
1991,12
1992,4
1993,5
1994,8
1995,12
1996,10
1997,14
1998,12
1999,3
2000,13
2001,14
2002,11
2003,13
2004,13
2005,12
2006,3
2007,9
2008,3
2009,10
2010,11
2011,3
2012,13
2013,9
2014,9
2015,2
2016,13
2017,5
2018,14
2019,5
2020,14
2021,11
2022,11
2023,11
2024,9
2025,7
2026,11
2027,14
2028,6
2029,13
2030,9
2031,12
2032,4
2033,14
2034,4
2035,5
2036,12
2037,5
2038,3
2039,12
2040,14
2041,11
2042,9
2043,6
2044,5
2045,14
2046,11
2047,7
2048,12
2049,12
2050,3
2051,14
2052,7
2053,5
2054,4
2055,12
2056,7
2057,3
2058,3
2059,11
2060,11
2061,11
2062,13
2063,9
2064,6
2065,3
2066,14
2067,3
2068,10
2069,9
2070,5
2071,10
2072,8
2073,9
2074,6
2075,10
2076,5
2077,7
2078,12
2079,6
2080,14
2081,12
2082,12
2083,1
2084,8
2085,12
2086,12
2087,14
2088,14
2089,3
2090,3
2091,9
2092,9
2093,5
2094,5
2095,3
2096,3
2097,9
2098,13
2099,9
2100,8
2101,8
2102,9
2103,3
2104,9
2105,12
2106,3
2107,5
2108,3
2109,7
2110,1
2111,14
2112,6
2113,4
2114,11
2115,4
2116,5
2117,10
2118,14
2119,9
2120,14
2121,12
2122,10
2123,3
2124,10
2125,1
2126,3
2127,12
2128,3
2129,13
2130,8
2131,14
2132,11
2133,9
2134,3
2135,14
2136,7
2137,9
2138,12
2139,5
2140,12
2141,13
2142,5
2143,5
2144,3
2145,5
2146,9
2147,6
2148,11
2149,1
2150,1
2151,3
2152,5
2153,10
2154,3
2155,9
2156,7
2157,1
2158,13
2159,11
2160,5
2161,3
2162,8
2163,5
2164,13
2165,14
2166,5
2167,13
2168,9
2169,5
2170,4
2171,5
2172,13
2173,14
2174,12
2175,12
2176,4
2177,9
2178,9
2179,13
2180,7
2181,5
2182,11
2183,14
2184,12
2185,11
2186,6
2187,8
2188,9
2189,9
2190,12
2191,9
2192,12
2193,9
2194,3
2195,12
2196,12
2197,10
2198,14
2199,11
2200,3
2201,9
2202,9
2203,3
2204,11
2205,3
2206,3
2207,3
2208,3
2209,3
2210,9
2211,7
2212,9
2213,3
2214,12
2215,3
2216,14
2217,3
2218,14
2219,10
2220,5
2221,13
2222,13
2223,4
2224,9
2225,7
2226,14
2227,9
2228,11
2229,10
2230,5
2231,3
2232,12
2233,13
2234,11
2235,9
2236,8
2237,5
2238,14
2239,6
2240,10
2241,3
2242,13
2243,12
2244,14
2245,1
2246,9
2247,7
2248,14
2249,7
2250,3
2251,4
2252,5
2253,9
2254,3
2255,10
2256,11
2257,3
2258,3
2259,14
2260,3
2261,12
2262,14
2263,12
2264,12
2265,13
2266,10
2267,6
2268,12
2269,13
2270,10
2271,9
2272,3
2273,14
2274,3
2275,5
2276,6
2277,3
2278,1
2279,12
2280,12
2281,4
2282,4
2283,10
2284,14
2285,13
2286,12
2287,5
2288,6
2289,12
2290,9
2291,1
2292,9
2293,10
2294,8
2295,5
2296,5
2297,5
2298,13
2299,3
2300,3
2301,14
2302,3
2303,5
2304,10
2305,12
2306,5
2307,3
2308,12
2309,5
2310,5
2311,13
2312,3
2313,3
2314,1
2315,3
2316,12
2317,6
2318,12
2319,9
2320,3
2321,3
2322,12
2323,4
2324,12
2325,11
2326,11
2327,3
2328,12
2329,7
2330,10
2331,10
2332,9
2333,8
2334,1
2335,3
2336,12
2337,5
2338,13
2339,3
2340,10
2341,3
2342,3
2343,8
2344,4
2345,13
2346,10
2347,10
2348,12
2349,4
2350,11
2351,14
2352,12
2353,9
2354,3
2355,8
2356,9
2357,12
2358,5
2359,3
2360,4
2361,3
2362,9
2363,5
2364,4
2365,10
2366,9
2367,14
2368,5
2369,13
2370,3
2371,12
2372,12
2373,9
2374,12
2375,3
2376,12
2377,3
2378,14
2379,9
2380,9
2381,9
2382,5
2383,5
2384,9
2385,13
2386,11
2387,5
2388,13
2389,12
2390,3
2391,5
2392,12
2393,5
2394,11
2395,5
2396,12
2397,5
2398,4
2399,5
2400,10
2401,6
2402,12
2403,7
2404,3
2405,14
2406,13
2407,10
2408,12
2409,3
2410,14
2411,12
2412,14
2413,14
2414,3
2415,14
2416,5
2417,10
2418,12
2419,13
2420,12
2421,5
2422,12
2423,14
2424,4
2425,9
2426,13
2427,5
2428,3
2429,12
2430,9
2431,3
2432,5
2433,13
2434,3
2435,11
2436,14
2437,14
2438,12
2439,12
2440,14
2441,14
2442,4
2443,11
2444,5
2445,13
2446,1
2447,5
2448,6
2449,12
2450,3
2451,14
2452,10
2453,5
2454,8
2455,12
2456,9
2457,5
2458,8
2459,5
2460,13
2461,12
2462,12
2463,1
2464,12
2465,14
2466,12
2467,9
2468,5
2469,3
2470,13
2471,7
2472,6
2473,1
2474,7
2475,14
2476,1
2477,12
2478,5
2479,11
2480,6
2481,9
2482,9
2483,13
2484,4
2485,3
2486,11
2487,10
2488,14
2489,14
2490,3
2491,9
2492,3
2493,5
2494,9
2495,3
2496,10
2497,3
2498,7
2499,5
2500,6
2501,9
2502,7
2503,5
2504,5
2505,9
2506,12
2507,9
2508,12
2509,4
2510,12
2511,3
2512,14
2513,13
2514,7
2515,13
2516,13
2517,10
2518,9
2519,12
2520,9
2521,11
2522,12
2523,5
2524,7
2525,5
2526,9
2527,8
2528,10
2529,3
2530,12
2531,3
2532,5
2533,4
2534,3
2535,6
2536,9
2537,14
2538,5
2539,13
2540,9
2541,11
2542,12
2543,10
2544,3
2545,5
2546,5
2547,5
2548,14
2549,9
2550,12
2551,12
2552,14
2553,12
2554,5
2555,3
2556,11
2557,13
2558,3
2559,10
2560,7
2561,3
2562,11
2563,3
2564,3
2565,4
2566,9
2567,3
2568,3
2569,12
2570,7
2571,9
2572,13
2573,9
2574,12
2575,1
2576,11
2577,3
2578,9
2579,3
2580,11
2581,14
2582,14
2583,12
2584,12
2585,7
2586,11
2587,5
2588,4
2589,11
2590,3
2591,2
2592,9
2593,10
2594,6
2595,9
2596,6
2597,3
2598,14
2599,7
2600,11
2601,14
2602,3
2603,14
2604,12
2605,1
2606,5
2607,14
2608,13
2609,5
2610,2
2611,7
2612,12
2613,14
2614,10
2615,6
2616,5
2617,5
2618,5
2619,8
2620,5
2621,4
2622,3
2623,5
2624,14
2625,11
2626,14
2627,10
2628,10
2629,5
2630,1
2631,5
2632,13
2633,9
2634,9
2635,9
2636,3
2637,13
2638,10
2639,12
2640,9
2641,12
2642,3
2643,12
2644,4
2645,9
2646,9
2647,7
2648,12
2649,12
2650,1
2651,8
2652,12
2653,9
2654,13
2655,12
2656,9
2657,6
2658,3
2659,1
2660,1
2661,3
2662,14
2663,10
2664,14
2665,6
2666,12
2667,11
2668,3
2669,5
2670,12
2671,5
2672,14
2673,9
2674,11
2675,3
2676,8
2677,5
2678,9
2679,6
2680,3
2681,3
2682,13
2683,2
2684,10
2685,3
2686,3
2687,5
2688,12
2689,3
2690,5
2691,12
2692,14
2693,8
2694,9
2695,5
2696,3
2697,5
2698,6
2699,12
2700,5
2701,3
2702,4
2703,3
2704,11
2705,14
2706,4
2707,11
2708,8
2709,5
2710,3
2711,12
2712,12
2713,9
2714,12
2715,4
2716,3
2717,5
2718,8
2719,10
2720,5
2721,1
2722,12
2723,14
2724,3
2725,9
2726,5
2727,9
2728,9
2729,3
2730,9
2731,6
2732,14
2733,3
2734,14
2735,14
2736,5
2737,14
2738,5
2739,13
2740,7
2741,14
2742,5
2743,14
2744,2
2745,12
2746,9
2747,8
2748,3
2749,10
2750,1
2751,14
2752,14
2753,9
2754,4
2755,13
2756,12
2757,12
2758,13
2759,3
2760,3
2761,5
2762,5
2763,6
2764,5
2765,14
2766,3
2767,13
2768,10
2769,14
2770,3
2771,12
2772,9
2773,1
2774,13
2775,3
2776,12
2777,1
2778,14
2779,14
2780,9
2781,12
2782,9
2783,4
2784,9
2785,3
2786,12
2787,7
2788,10
2789,1
2790,9
2791,10
2792,9
2793,9
2794,13
2795,12
2796,5
2797,3
2798,10
2799,7
2800,9
2801,10
2802,3
2803,3
2804,9
2805,5
2806,4
2807,1
2808,10
2809,5
2810,1
2811,14
2812,13
2813,3
2814,3
2815,14
2816,14
2817,3
2818,3
2819,9
2820,10
2821,5
2822,11
2823,3
2824,5
2825,9
2826,3
2827,2
2828,14
2829,10
2830,3
2831,13
2832,4
2833,3
2834,5
2835,12
2836,11
2837,4
2838,9
2839,12
2840,3
2841,5
2842,13
2843,11
2844,14
2845,12
2846,6
2847,4
2848,14
2849,12
2850,3
2851,11
2852,4
2853,5
2854,3
2855,5
2856,12
2857,6
2858,5
2859,12
2860,3
2861,12
2862,5
2863,10
2864,8
2865,14
2866,3
2867,11
2868,9
2869,6
2870,14
2871,3
2872,13
2873,1
2874,4
2875,5
2876,9
2877,8
2878,4
2879,1
2880,14
2881,12
2882,1
2883,13
2884,3
2885,9
2886,9
2887,1
2888,9
2889,12
2890,14
2891,3
2892,3
2893,6
2894,10
2895,5
2896,13
2897,9
2898,1
2899,9
2900,10
2901,11
2902,12
2903,3
2904,5
2905,12
2906,3
2907,11
2908,4
2909,13
2910,3
2911,8
2912,8
2913,12
2914,10
2915,12
2916,5
2917,5
2918,14
2919,12
2920,5
2921,7
2922,9
2923,3
2924,14
2925,11
2926,5
2927,5
2928,3
2929,9
2930,12
2931,1
2932,4
2933,9
2934,9
2935,12
2936,5
2937,10
2938,5
2939,5
2940,13
2941,4
2942,5
2943,3
2944,13
2945,12
2946,3
2947,1
2948,4
2949,12
2950,14
2951,5
2952,11
2953,3
2954,11
2955,11
2956,14
2957,7
2958,7
2959,3
2960,1
2961,14
2962,14
2963,9
2964,9
2965,11
2966,5
2967,13
2968,8
2969,9
2970,13
2971,3
2972,5
2973,12
2974,13
2975,5
2976,8
2977,14
2978,14
2979,7
2980,5
2981,3
2982,1
2983,9
2984,14
2985,10
2986,12
2987,5
2988,7
2989,13
2990,12
2991,12
2992,13
2993,6
2994,13
2995,1
2996,1
2997,9
2998,12
2999,11
3000,8
3001,12
3002,1
3003,3
3004,2
3005,8
3006,5
3007,3
3008,7
3009,12
3010,14
3011,13
3012,13
3013,3
3014,3
3015,4
3016,11
3017,7
3018,12
3019,12
3020,10
3021,13
3022,13
3023,9
3024,7
3025,10
3026,5
3027,5
3028,9
3029,13
3030,14
3031,12
3032,3
3033,9
3034,3
3035,9
3036,4
3037,12
3038,14
3039,8
3040,14
3041,12
3042,7
3043,5
3044,7
3045,5
3046,9
3047,8
3048,14
3049,14
3050,11
3051,11
3052,1
3053,10
3054,1
3055,5
3056,9
3057,3
3058,5
3059,5
3060,14
3061,11
3062,6
3063,13
3064,5
3065,9
3066,5
3067,12
3068,3
3069,4
3070,14
3071,6
3072,5
3073,11
3074,12
3075,11
3076,1
3077,13
3078,10
3079,14
3080,11
3081,14
3082,12
3083,3
3084,5
3085,5
3086,6
3087,12
3088,9
3089,10
3090,11
3091,14
3092,11
3093,10
3094,12
3095,9
3096,3
3097,3
3098,3
3099,4
3100,1
3101,4
3102,10
3103,12
3104,5
3105,5
3106,3
3107,3
3108,1
3109,4
3110,7
3111,12
3112,12
3113,12
3114,5
3115,9
3116,6
3117,12
3118,3
3119,3
3120,11
3121,9
3122,12
3123,11
3124,3
3125,5
3126,5
3127,10
3128,3
3129,3
3130,7
3131,3
3132,5
3133,5
3134,8
3135,14
3136,1
3137,14
3138,8
3139,5
3140,9
3141,3
3142,3
3143,6
3144,7
3145,14
3146,9
3147,9
3148,10
3149,13
3150,4
3151,13
3152,5
3153,9
3154,13
3155,9
3156,14
3157,3
3158,3
3159,12
3160,14
3161,5
3162,1
3163,3
3164,10
3165,11
3166,3
3167,7
3168,14
3169,5
3170,5
3171,3
3172,14
3173,7
3174,14
3175,8
3176,1
3177,12
3178,11
3179,3
3180,14
3181,11
3182,8
3183,5
3184,13
3185,9
3186,9
3187,6
3188,8
3189,9
3190,13
3191,5
3192,12
3193,9
3194,6
3195,12
3196,7
3197,4
3198,9
3199,3
3200,6
3201,5
3202,12
3203,14
3204,10
3205,14
3206,10
3207,14
3208,11
3209,12
3210,5
3211,7
3212,7
3213,3
3214,5
3215,5
3216,3
3217,10
3218,12
3219,3
3220,12
3221,5
3222,12
3223,12
3224,8
3225,14
3226,5
3227,9
3228,13
3229,12
3230,9
3231,5
3232,6
3233,14
3234,10
3235,5
3236,9
3237,12
3238,1
3239,3
3240,10
3241,13
3242,9
3243,9
3244,11
3245,1
3246,3
3247,10
3248,12
3249,6
3250,14
3251,12
3252,3
3253,14
3254,6
3255,9
3256,12
3257,7
3258,13
3259,9
3260,5
3261,4
3262,13
3263,3
3264,13
3265,7
3266,12
3267,14
3268,7
3269,3
3270,13
3271,3
3272,13
3273,6
3274,12
3275,9
3276,13
3277,3
3278,7
3279,12
3280,9
3281,11
3282,3
3283,11
3284,13
3285,14
3286,9
3287,3
3288,1
3289,7
3290,14
3291,13
3292,3
3293,7
3294,3
3295,8
3296,14
3297,9
3298,9
3299,7
3300,10
3301,12
3302,10
3303,3
3304,9
3305,12
3306,4
3307,10
3308,9
3309,3
3310,13
3311,5
3312,14
3313,9
3314,5
3315,12
3316,14
3317,4
3318,14
3319,13
3320,13
3321,7
3322,5
3323,3
3324,14
3325,14
3326,1
3327,10
3328,3
3329,13
3330,14
3331,8
3332,7
3333,3
3334,12
3335,12
3336,11
3337,10
3338,5
3339,12
3340,3
3341,9
3342,9
3343,12
3344,14
3345,5
3346,3
3347,3
3348,12
3349,14
3350,3
3351,8
3352,11
3353,6
3354,3
3355,8
3356,11
3357,5
3358,9
3359,4
3360,6
3361,14
3362,3
3363,3
3364,14
3365,6
3366,10
3367,7
3368,3
3369,13
3370,13
3371,12
3372,10
3373,14
3374,3
3375,3
3376,10
3377,11
3378,13
3379,5
3380,4
3381,14
3382,11
3383,5
3384,5
3385,12
3386,9
3387,10
3388,12
3389,9
3390,6
3391,7
3392,7
3393,3
3394,3
3395,5
3396,3
3397,6
3398,12
3399,5
3400,8
3401,9
3402,7
3403,12
3404,6
3405,5
3406,4
3407,14
3408,10
3409,11
3410,7
3411,3
3412,13
3413,12
3414,14
3415,14
3416,6
3417,3
3418,6
3419,3
3420,3
3421,11
3422,3
3423,6
3424,5
3425,7
3426,5
3427,5
3428,5
3429,6
3430,5
3431,9
3432,3
3433,3
3434,13
3435,3
3436,6
3437,13
3438,11
3439,5
3440,8
3441,14
3442,5
3443,14
3444,3
3445,12
3446,7
3447,3
3448,14
3449,9
3450,9
3451,5
3452,3
3453,11
3454,3
3455,3
3456,12
3457,12
3458,6
3459,10
3460,3
3461,5
3462,11
3463,6
3464,12
3465,3
3466,5
3467,6
3468,5
3469,9
3470,5
3471,8
3472,14
3473,4
3474,7
3475,14
3476,3
3477,3
3478,10
3479,12
3480,3
3481,12
3482,11
3483,12
3484,1
3485,5
3486,5
3487,5
3488,14
3489,14
3490,12
3491,3
3492,3
3493,1
3494,13
3495,12
3496,12
3497,13
3498,5
3499,3
3500,10
